Secretaria,Codigo departamento, Nombre departamento,Codigo municipio, Nombre municipio, Codigo Establecimiento, Nombre Establecimiento, Codigo Sede, Nombre Sede, Zona, Direccion, Telefono, Estado Sede, Niveles, Modelos, Grados
QUIBDÓ,27,CHOCÓ,27001,QUIBDÓ,327001001000,IE SANTO DOMINGO SAVIO,327001001000,IE SANTO DOMINGO SAVIO,URBANA,CL 25 26 A 110,6708016,ANTIGUO-ACTIVO,"PREESCOLAR,MEDIA,BÁSICA SECUNDARIA,BÁSICA PRIMARIA","POST PRIMARIA,MEDIA RURAL,PROGRAMA PARA JÓVENES EN EXTRAEDAD Y ADULTOS,ESCUELA NUEVA,A CRECER,ETNOEDUCACIÓN,EDUCACIÓN TRADICIONAL,CIRCULOS DE APRENDIZAJE,TELESECUNDARIA,ACELERACIÓN DEL APRENDIZAJE,SAT PRESENCIAL","-1,0,1,2,3,4,5,6,7,8,9,10,11,21,22,23,24,25,26,99"
QUIBDÓ,27,CHOCÓ,27001,QUIBDÓ,327001001000,IE SANTO DOMINGO SAVIO,127001004026,SEDE MELVIN JHONS,URBANA,IND BARRIO EL JARDIN,,ANTIGUO-ACTIVO,"PREESCOLAR,BÁSICA SECUNDARIA,BÁSICA PRIMARIA","TRANSFORMEMOS,ESPERE,PROGRAMA PARA JÓVENES EN EXTRAEDAD Y ADULTOS,EDUCACIÓN TRADICIONAL,ACELERACIÓN DEL APRENDIZAJE","0,1,2,3,4,5,21,22,23,99"
QUIBDÓ,27,CHOCÓ,27001,QUIBDÓ,327001001000,IE SANTO DOMINGO SAVIO,127001000039,SEDE LOS ANGELES,URBANA,IND BARRIO LOS ANGELES,,ANTIGUO-ACTIVO,"PREESCOLAR,BÁSICA SECUNDARIA,BÁSICA PRIMARIA","TRANSFORMEMOS,PROGRAMA PARA JÓVENES EN EXTRAEDAD Y ADULTOS,A CRECER,EDUCACIÓN TRADICIONAL","-1,0,1,2,3,4,5,21,22,23"
QUIBDÓ,27,CHOCÓ,27001,QUIBDÓ,227001018200,IE TECNICA ANTONIO RICAURTE,227001018200,IE TECNICA ANTONIO RICAURTE,URBANA,IND KM 3 SALIDA A ISTMINA,6713255,ANTIGUO-ACTIVO,"PREESCOLAR,MEDIA,BÁSICA SECUNDARIA,BÁSICA PRIMARIA","ESPERE,PROGRAMA PARA JÓVENES EN EXTRAEDAD Y ADULTOS,EDUCACIÓN TRADICIONAL,CIRCULOS DE APRENDIZAJE,ACELERACIÓN DEL APRENDIZAJE,GRUPOS JUVENILES CREATIVOS,BACHILLERATO PACICULTOR","0,1,2,3,4,5,6,7,8,9,10,11,21,22,23,24,25,26,99"
QUIBDÓ,27,CHOCÓ,27001,QUIBDÓ,227001018200,IE TECNICA ANTONIO RICAURTE,227001001692,SEDE PUENTE DE CABI,URBANA,IND CABI,,ANTIGUO-ACTIVO,"PREESCOLAR,BÁSICA PRIMARIA","ESPERE,PROGRAMA PARA JÓVENES EN EXTRAEDAD Y ADULTOS,A CRECER,EDUCACIÓN TRADICIONAL,CIRCULOS DE APRENDIZAJE","0,1,2,3,4,5,21,22"
QUIBDÓ,27,CHOCÓ,27001,QUIBDÓ,227001018200,IE TECNICA ANTONIO RICAURTE,127001000004,SEDE MARIA BERCHMANS,URBANA,IND BARRIO EL JARDIN,,ANTIGUO-ACTIVO,"PREESCOLAR,MEDIA,BÁSICA SECUNDARIA,BÁSICA PRIMARIA","ESPERE,PROGRAMA PARA JÓVENES EN EXTRAEDAD Y ADULTOS,A CRECER,EDUCACIÓN TRADICIONAL,CIRCULOS DE APRENDIZAJE,ACELERACIÓN DEL APRENDIZAJE,CAFAM","0,1,2,3,4,5,21,22,23,24,25,26,99"
QUIBDÓ,27,CHOCÓ,27001,QUIBDÓ,227001018200,IE TECNICA ANTONIO RICAURTE,427001000016,SEDE KILOMETRO 8,RURAL,KILOMETRO OCHO VIA YUTO,,ANTIGUO-ACTIVO,"PREESCOLAR,BÁSICA PRIMARIA","ESCUELA NUEVA,EDUCACIÓN TRADICIONAL,CIRCULOS DE APRENDIZAJE","0,1,2,3,4,5"
QUIBDÓ,27,CHOCÓ,27001,QUIBDÓ,227001018200,IE TECNICA ANTONIO RICAURTE,227001000203,SEDE BOCA DEL PANTANO,RURAL,BOCA DE PANTANO,,ANTIGUO-ACTIVO,"PREESCOLAR,BÁSICA PRIMARIA",EDUCACIÓN TRADICIONAL,"0,1,2,3,4,5"
QUIBDÓ,27,CHOCÓ,27001,QUIBDÓ,227001018200,IE TECNICA ANTONIO RICAURTE,127001017675,SEDE BOCA DE TANANDO,RURAL,BOCA DE TANANDO,,ANTIGUO-ACTIVO,"PREESCOLAR,BÁSICA PRIMARIA","A CRECER,EDUCACIÓN TRADICIONAL","0,1,2,3,4,5,21"
QUIBDÓ,27,CHOCÓ,27001,QUIBDÓ,327001018271,CENTRO EDUCATIVO PACIFICO (CEPA),327001018271,CENTRO EDUCATIVO PACIFICO (CEPA) - SEDE PRINCIPAL,URBANA,KR 6 11 106,,NUEVO-ACTIVO,"PREESCOLAR,BÁSICA PRIMARIA",EDUCACIÓN TRADICIONAL,"-2,-1,0,1,2,3,4,5"
QUIBDÓ,27,CHOCÓ,27001,QUIBDÓ,227001003547,IE TECNICA AGROPECUARIA DE TAGACHI,227001003547,INSTITUCION EDUCATIVA TECNICA AGROPECUARIO DE TAGACHI,RURAL,TAGACHI,985204699,ANTIGUO-ACTIVO,"MEDIA,BÁSICA SECUNDARIA,BÁSICA PRIMARIA","ESPERE,PROGRAMA PARA JÓVENES EN EXTRAEDAD Y ADULTOS,EDUCACIÓN TRADICIONAL","6,7,8,9,10,11,21,22"
QUIBDÓ,27,CHOCÓ,27001,QUIBDÓ,227001003547,IE TECNICA AGROPECUARIA DE TAGACHI,227001001234,SEDE DE TAGACHI,RURAL,TAGACHI,,ANTIGUO-ACTIVO,"PREESCOLAR,BÁSICA SECUNDARIA,BÁSICA PRIMARIA","PROGRAMA PARA JÓVENES EN EXTRAEDAD Y ADULTOS,A CRECER,EDUCACIÓN TRADICIONAL,CAFAM","0,1,2,3,4,5,21,22,23"
QUIBDÓ,27,CHOCÓ,27001,QUIBDÓ,127001001256,IE SANTO DOMINGO DE GUZMAN,227001017866,SEDE SAN FRANCISCO DEL CARAÑO,URBANA,IND BARRIO EL CARAÑO PARTE BAJA,,ANTIGUO-ACTIVO,"PREESCOLAR,BÁSICA SECUNDARIA,BÁSICA PRIMARIA","PROGRAMA PARA JÓVENES EN EXTRAEDAD Y ADULTOS,A CRECER,EDUCACIÓN TRADICIONAL,CIRCULOS DE APRENDIZAJE,ACELERACIÓN DEL APRENDIZAJE","0,1,2,3,4,5,21,22,23,24,99"
QUIBDÓ,27,CHOCÓ,27001,QUIBDÓ,127001001256,IE SANTO DOMINGO DE GUZMAN,127001002627,SEDE EL PORVENIR,URBANA,IND CARAÑO,,ANTIGUO-ACTIVO,"PREESCOLAR,BÁSICA SECUNDARIA,BÁSICA PRIMARIA","PROGRAMA PARA JÓVENES EN EXTRAEDAD Y ADULTOS,A CRECER,EDUCACIÓN TRADICIONAL,CIRCULOS DE APRENDIZAJE,ACELERACIÓN DEL APRENDIZAJE","0,1,2,3,4,5,21,22,23,99"
QUIBDÓ,27,CHOCÓ,27001,QUIBDÓ,127001001256,IE SANTO DOMINGO DE GUZMAN,127001001256,IE SANTO DOMINGO DE GUZMAN,URBANA,KR 11 A 31 73,6709029,ANTIGUO-ACTIVO,"PREESCOLAR,MEDIA,BÁSICA SECUNDARIA,BÁSICA PRIMARIA","PROGRAMA PARA JÓVENES EN EXTRAEDAD Y ADULTOS,A CRECER,EDUCACIÓN TRADICIONAL,ACELERACIÓN DEL APRENDIZAJE","0,1,2,3,4,5,6,7,8,9,10,11,21,22,23,99"
QUIBDÓ,27,CHOCÓ,27001,QUIBDÓ,127001001256,IE SANTO DOMINGO DE GUZMAN,127001004115,SEDE EL PARAISO,URBANA,IND PARAISO,,ANTIGUO-ACTIVO,"PREESCOLAR,BÁSICA SECUNDARIA,BÁSICA PRIMARIA","ESPERE,PROGRAMA PARA JÓVENES EN EXTRAEDAD Y ADULTOS,A CRECER,EDUCACIÓN TRADICIONAL,CIRCULOS DE APRENDIZAJE,ACELERACIÓN DEL APRENDIZAJE","0,1,2,3,4,5,21,22,23,99"
QUIBDÓ,27,CHOCÓ,27001,QUIBDÓ,227001001684,IE  MIGUEL ANTONIO CAICEDO MENA - OBAPO,127001018054,SEDE BRISAS DEL POBLADO,URBANA,IND EL POBLADO,,ANTIGUO-ACTIVO,"PREESCOLAR,BÁSICA SECUNDARIA,BÁSICA PRIMARIA","TRANSFORMEMOS,ESPERE,POST PRIMARIA,PROGRAMA PARA JÓVENES EN EXTRAEDAD Y ADULTOS,A CRECER,EDUCACIÓN TRADICIONAL,CIRCULOS DE APRENDIZAJE,ACELERACIÓN DEL APRENDIZAJE","0,1,2,3,4,5,6,7,21,22,23,99"
QUIBDÓ,27,CHOCÓ,27001,QUIBDÓ,227001001684,IE  MIGUEL ANTONIO CAICEDO MENA - OBAPO,327001000003,SEDE OBAPO,URBANA,IND OBAPO,,ANTIGUO-ACTIVO,"PREESCOLAR,BÁSICA PRIMARIA","ESPERE,PROGRAMA PARA JÓVENES EN EXTRAEDAD Y ADULTOS,A CRECER,EDUCACIÓN TRADICIONAL,CIRCULOS DE APRENDIZAJE,ACELERACIÓN DEL APRENDIZAJE","0,1,2,3,4,5,21,22,99"
QUIBDÓ,27,CHOCÓ,27001,QUIBDÓ,227001001684,IE  MIGUEL ANTONIO CAICEDO MENA - OBAPO,227001000963,SEDE DE PACURITA,RURAL,PACURITA,,ANTIGUO-ACTIVO,"PREESCOLAR,BÁSICA SECUNDARIA,BÁSICA PRIMARIA","TRANSFORMEMOS,ESPERE,PROGRAMA PARA JÓVENES EN EXTRAEDAD Y ADULTOS,A CRECER,EDUCACIÓN TRADICIONAL,CIRCULOS DE APRENDIZAJE","0,1,2,3,4,5,21,22,23"
QUIBDÓ,27,CHOCÓ,27001,QUIBDÓ,227001001684,IE  MIGUEL ANTONIO CAICEDO MENA - OBAPO,227001001684,IE MIGUEL ANTONIO CAICEDO MENA - OBAPO,URBANA,IND OBAPO,,ANTIGUO-ACTIVO,"PREESCOLAR,MEDIA,BÁSICA SECUNDARIA,BÁSICA PRIMARIA","PROGRAMA PARA JÓVENES EN EXTRAEDAD Y ADULTOS,A CRECER,EDUCACIÓN TRADICIONAL,CIRCULOS DE APRENDIZAJE,CAFAM","0,1,2,3,4,5,6,7,8,9,10,11,21,22,23,24,25,26"
QUIBDÓ,27,CHOCÓ,27001,QUIBDÓ,127001017853,IE AGROP MIGUEL VICENTE GARRIDO,127001017853,INST TEC MIGUEL VICENTE GARRIDO,URBANA,BARRIO ESCOLAR,6708388,ANTIGUO-ACTIVO,"PREESCOLAR,MEDIA,BÁSICA SECUNDARIA,BÁSICA PRIMARIA","TRANSFORMEMOS,PROGRAMA PARA JÓVENES EN EXTRAEDAD Y ADULTOS,A CRECER,EDUCACIÓN TRADICIONAL,CIRCULOS DE APRENDIZAJE,ACELERACIÓN DEL APRENDIZAJE,CAFAM","0,1,2,3,4,5,6,7,8,9,10,11,21,22,23,24,25,26,99"
QUIBDÓ,27,CHOCÓ,27001,QUIBDÓ,127001017853,IE AGROP MIGUEL VICENTE GARRIDO,127001000438,ESCOL URB MATIAS BUSTAMANTE MESA,URBANA,IND BARRIO ESCOLAR,6715011,CIERRE DEFINITIVO,,,
QUIBDÓ,27,CHOCÓ,27001,QUIBDÓ,127001017853,IE AGROP MIGUEL VICENTE GARRIDO,127001000055,ESCOL URB CAMILO TORRES,URBANA,IND BARRIO ESCOLAR,6710733,CIERRE DEFINITIVO,,,
QUIBDÓ,27,CHOCÓ,27001,QUIBDÓ,127001017853,IE AGROP MIGUEL VICENTE GARRIDO,127001000080,ESCOL URB FRANCISCO JOSE DE CALDAS,URBANA,IND BARRIO ESCOLAR,6715041,CIERRE DEFINITIVO,,,
QUIBDÓ,27,CHOCÓ,27001,QUIBDÓ,127001017853,IE AGROP MIGUEL VICENTE GARRIDO,127001003020,ESCOL URB REPUBLICA DE VENEZUELA,URBANA,IND BARRIO ESCOLAR,6708617,CIERRE DEFINITIVO,,,
QUIBDÓ,27,CHOCÓ,27001,QUIBDÓ,127001017853,IE AGROP MIGUEL VICENTE GARRIDO,127001000179,ESCOL NOCT SAN VICENTE DE PAUL,URBANA,IND BARRIO SAN VICENTE,6718261,CIERRE DEFINITIVO,,,
QUIBDÓ,27,CHOCÓ,27001,QUIBDÓ,127001017853,IE AGROP MIGUEL VICENTE GARRIDO,127001000063,ESCOL URB REPUBLICA DE COLOMBIA,URBANA,IND BARRIO ESCOLAR,,CIERRE DEFINITIVO,,,
QUIBDÓ,27,CHOCÓ,27001,QUIBDÓ,327001002695,INST SUPERIOR DE ENSEÑANZA TECNOLOG  ISET,327001002693,INST SUPERIOR DE ENSEÑANZA TECNOLOG  ISET,URBANA,IND BARRIO CRISTO REY,6708305,ANTIGUO-ACTIVO,"MEDIA,BÁSICA SECUNDARIA",EDUCACIÓN TRADICIONAL,"6,7,8,9,10,11"
QUIBDÓ,27,CHOCÓ,27001,QUIBDÓ,327001017542,LIC BTO MIGUEL ANGEL MENA,327001017542,LIC BTO MIGUEL ANGEL MENA,URBANA,BARRIO ZONA MINERA,6712412,ANTIGUO-ACTIVO,"PREESCOLAR,MEDIA,BÁSICA SECUNDARIA,BÁSICA PRIMARIA","PROGRAMA PARA JÓVENES EN EXTRAEDAD Y ADULTOS,EDUCACIÓN TRADICIONAL","-2,-1,0,1,2,3,4,5,6,7,8,9,10,11,23,24,25,26"
QUIBDÓ,27,CHOCÓ,27001,QUIBDÓ,327001003631,COL RAMON LOZANO GARCES 1,327001003631,COL RAMON LOZANO GARCES 1,URBANA,IND CR 6,67167052,CIERRE DEFINITIVO,,,
QUIBDÓ,27,CHOCÓ,27001,QUIBDÓ,427001003627,UNION MISIONERA,427001003627,UNION MISIONERA - SEDE PRINCIPAL,URBANA,CORREG DE TUTUNENDO,,NUEVO-ACTIVO,"PREESCOLAR,BÁSICA PRIMARIA",EDUCACIÓN TRADICIONAL,"0,1,2,3,4,5"
QUIBDÓ,27,CHOCÓ,27001,QUIBDÓ,127001000853,IE GIMNASIO DE QUIBDO,127001000853,INSTITUCION EDUCATIVA GIMNASIO DE QUIBDO,URBANA,KR 2 25 22,6713807,ANTIGUO-ACTIVO,"MEDIA,BÁSICA SECUNDARIA,BÁSICA PRIMARIA",EDUCACIÓN TRADICIONAL,"1,2,3,4,5,6,7,8,9,10,11"
QUIBDÓ,27,CHOCÓ,27001,QUIBDÓ,127001000853,IE GIMNASIO DE QUIBDO,127001001264,SEDE JARDIN INFANTIL DE QUIBDO,URBANA,KR 2 25 80,6712104,ANTIGUO-ACTIVO,PREESCOLAR,EDUCACIÓN TRADICIONAL,"-2,-1,0"
QUIBDÓ,27,CHOCÓ,27001,QUIBDÓ,127001001621,IE MANUEL AGUSTIN SANTACOLOMA VILLA,127001001621,IE MANUEL AGUSTIN SANTACOLOMA VILLA,URBANA,CL 30 A 11 01,6712015,ANTIGUO-ACTIVO,"PREESCOLAR,MEDIA,BÁSICA SECUNDARIA,BÁSICA PRIMARIA","PROGRAMA PARA JÓVENES EN EXTRAEDAD Y ADULTOS,EDUCACIÓN TRADICIONAL,ACELERACIÓN DEL APRENDIZAJE","0,1,2,3,4,5,6,7,8,9,10,11,21,22,23,24,99"
QUIBDÓ,27,CHOCÓ,27001,QUIBDÓ,127001001621,IE MANUEL AGUSTIN SANTACOLOMA VILLA,127001017527,SEDE SAN JUDAS TADEO,URBANA,IND BARRIO SAN JUDAS,,ANTIGUO-ACTIVO,"PREESCOLAR,BÁSICA PRIMARIA","EDUCACIÓN TRADICIONAL,CIRCULOS DE APRENDIZAJE,ACELERACIÓN DEL APRENDIZAJE,CAFAM","0,1,2,3,4,5,21,22,99"
QUIBDÓ,27,CHOCÓ,27001,QUIBDÓ,127001018001,IE DIOCESANO PEDRO GRAU Y AROLA,127001018086,SEDE JULIO IBARGUEN MOSQUERA,URBANA,IND EL FUTURO,,ANTIGUO-ACTIVO,"PREESCOLAR,BÁSICA PRIMARIA","ESPERE,PROGRAMA PARA JÓVENES EN EXTRAEDAD Y ADULTOS,A CRECER,EDUCACIÓN TRADICIONAL,CIRCULOS DE APRENDIZAJE,ACELERACIÓN DEL APRENDIZAJE","0,1,2,3,4,5,21,22,99"
QUIBDÓ,27,CHOCÓ,27001,QUIBDÓ,127001018001,IE DIOCESANO PEDRO GRAU Y AROLA,127001004140,SEDE PARQUE DE LA GLORIA,URBANA,IND LA GLORIA COMUNA 1,,ANTIGUO-ACTIVO,"PREESCOLAR,BÁSICA PRIMARIA","PROGRAMA PARA JÓVENES EN EXTRAEDAD Y ADULTOS,A CRECER,EDUCACIÓN TRADICIONAL,CIRCULOS DE APRENDIZAJE,ACELERACIÓN DEL APRENDIZAJE,CAFAM","0,1,2,3,4,5,21,22,99"
QUIBDÓ,27,CHOCÓ,27001,QUIBDÓ,127001018001,IE DIOCESANO PEDRO GRAU Y AROLA,127001018001,IE DIOCESANO PEDRO GRAU Y AROLA,URBANA,IND LA GLORIA,6718767,ANTIGUO-ACTIVO,"PREESCOLAR,MEDIA,BÁSICA SECUNDARIA,BÁSICA PRIMARIA","TRANSFORMEMOS,POST PRIMARIA,MEDIA RURAL,PROGRAMA PARA JÓVENES EN EXTRAEDAD Y ADULTOS,ESCUELA NUEVA,A CRECER,ETNOEDUCACIÓN,EDUCACIÓN TRADICIONAL,TELESECUNDARIA,CIRCULOS DE APRENDIZAJE,ACELERACIÓN DEL APRENDIZAJE,GRUPOS JUVENILES CREATIVOS,SAT,MODALIDAD VIRTUAL ASISTIDA UCN,SAT PRESENCIAL","0,1,2,3,4,5,6,7,8,9,10,11,21,22,23,24,25,26,99"
QUIBDÓ,27,CHOCÓ,27001,QUIBDÓ,127001018001,IE DIOCESANO PEDRO GRAU Y AROLA,127001004158,SEDE EL REPOSO Nº2,URBANA,IND REPOSO  # 2,6715540/715525,ANTIGUO-ACTIVO,"PREESCOLAR,BÁSICA SECUNDARIA,BÁSICA PRIMARIA","ESPERE,PROGRAMA PARA JÓVENES EN EXTRAEDAD Y ADULTOS,A CRECER,EDUCACIÓN TRADICIONAL,CIRCULOS DE APRENDIZAJE,ACELERACIÓN DEL APRENDIZAJE","0,1,2,3,4,5,21,22,23,24,99"
QUIBDÓ,27,CHOCÓ,27001,QUIBDÓ,127001018001,IE DIOCESANO PEDRO GRAU Y AROLA,127001000021,SEDE BUENOS AIRES,URBANA,IND BUENOS AIRES  LAS PALMERAS,6716031,ANTIGUO-ACTIVO,"PREESCOLAR,BÁSICA SECUNDARIA,BÁSICA PRIMARIA","ESPERE,PROGRAMA PARA JÓVENES EN EXTRAEDAD Y ADULTOS,A CRECER,EDUCACIÓN TRADICIONAL,CIRCULOS DE APRENDIZAJE,ACELERACIÓN DEL APRENDIZAJE","0,1,2,3,4,5,21,22,23,99"
QUIBDÓ,27,CHOCÓ,27001,QUIBDÓ,127001018001,IE DIOCESANO PEDRO GRAU Y AROLA,127001017926,SEDE LUIS GONZALO PEREA VILLA ESPAÑA,URBANA,IND VILLAESPAÑA,,ANTIGUO-ACTIVO,"PREESCOLAR,BÁSICA PRIMARIA","ESPERE,PROGRAMA PARA JÓVENES EN EXTRAEDAD Y ADULTOS,A CRECER,EDUCACIÓN TRADICIONAL,CIRCULOS DE APRENDIZAJE,ACELERACIÓN DEL APRENDIZAJE","0,1,2,3,4,5,21,22,99"
QUIBDÓ,27,CHOCÓ,27001,QUIBDÓ,127001018001,IE DIOCESANO PEDRO GRAU Y AROLA,127001007675,SEDE LA VICTORIA Nº2,URBANA,IND LA VICTORIA,716196,ANTIGUO-ACTIVO,"PREESCOLAR,BÁSICA PRIMARIA","TRANSFORMEMOS,PROGRAMA PARA JÓVENES EN EXTRAEDAD Y ADULTOS,A CRECER,EDUCACIÓN TRADICIONAL,CIRCULOS DE APRENDIZAJE,ACELERACIÓN DEL APRENDIZAJE","0,1,2,3,4,5,21,22,99"
QUIBDÓ,27,CHOCÓ,27001,QUIBDÓ,127001018001,IE DIOCESANO PEDRO GRAU Y AROLA,127001017802,SEDE MIS ESFUERZOS,URBANA,IND MIS ESFUERZOS,,ANTIGUO-ACTIVO,"PREESCOLAR,BÁSICA SECUNDARIA,BÁSICA PRIMARIA","ESPERE,PROGRAMA PARA JÓVENES EN EXTRAEDAD Y ADULTOS,A CRECER,EDUCACIÓN TRADICIONAL,CIRCULOS DE APRENDIZAJE,ACELERACIÓN DEL APRENDIZAJE","0,1,2,3,4,5,21,22,23,99"
QUIBDÓ,27,CHOCÓ,27001,QUIBDÓ,127001018001,IE DIOCESANO PEDRO GRAU Y AROLA,127001018175,SEDE MONSERRATE,URBANA,IND MONSERRATE,,ANTIGUO-ACTIVO,"PREESCOLAR,BÁSICA SECUNDARIA,BÁSICA PRIMARIA","ESPERE,PROGRAMA PARA JÓVENES EN EXTRAEDAD Y ADULTOS,A CRECER,EDUCACIÓN TRADICIONAL","-1,0,1,2,3,4,5,21,22,24"
QUIBDÓ,27,CHOCÓ,27001,QUIBDÓ,127001018001,IE DIOCESANO PEDRO GRAU Y AROLA,127001004131,SEDE BARRIO SAMPER,URBANA,IND BARRIO SAMPER,,ANTIGUO-ACTIVO,"PREESCOLAR,BÁSICA SECUNDARIA,BÁSICA PRIMARIA","PROGRAMA PARA JÓVENES EN EXTRAEDAD Y ADULTOS,A CRECER,EDUCACIÓN TRADICIONAL,CIRCULOS DE APRENDIZAJE,ACELERACIÓN DEL APRENDIZAJE","0,1,2,3,4,5,21,22,23,99"
QUIBDÓ,27,CHOCÓ,27001,QUIBDÓ,127001018001,IE DIOCESANO PEDRO GRAU Y AROLA,227001000718,SEDE DE GUAYABAL,URBANA,IND GUAYABAL,,ANTIGUO-ACTIVO,"PREESCOLAR,BÁSICA PRIMARIA","A CRECER,EDUCACIÓN TRADICIONAL","0,1,2,3,4,5,22"
QUIBDÓ,27,CHOCÓ,27001,QUIBDÓ,127001018001,IE DIOCESANO PEDRO GRAU Y AROLA,127001003143,SEDE BARRIO OBRERO,URBANA,IND BARRIO OBRERO,,ANTIGUO-ACTIVO,"PREESCOLAR,BÁSICA SECUNDARIA,BÁSICA PRIMARIA","ESPERE,PROGRAMA PARA JÓVENES EN EXTRAEDAD Y ADULTOS,A CRECER,EDUCACIÓN TRADICIONAL,CIRCULOS DE APRENDIZAJE,ACELERACIÓN DEL APRENDIZAJE","0,1,2,3,4,5,21,22,23,99"
QUIBDÓ,27,CHOCÓ,27001,QUIBDÓ,327001002685,BTO MIX MANEL SATURIO VALENCIA,327001002685,BTO MIX MANEL SATURIO VALENCIA,URBANA,CR 5 #23-63,67111116,ANTIGUO-ACTIVO,"PREESCOLAR,MEDIA,BÁSICA SECUNDARIA,BÁSICA PRIMARIA","PROGRAMA PARA JÓVENES EN EXTRAEDAD Y ADULTOS,EDUCACIÓN TRADICIONAL","0,1,2,3,4,5,6,7,8,9,10,11,21"
QUIBDÓ,27,CHOCÓ,27001,QUIBDÓ,327001017844,GUARD Y JAR INF CIELITO,327001017844,GUARD Y JAR INF CIELITO,URBANA,CR 5 # 29-26,6708292,ANTIGUO-ACTIVO,PREESCOLAR,EDUCACIÓN TRADICIONAL,"-2,-1,0"
QUIBDÓ,27,CHOCÓ,27001,QUIBDÓ,127001000446,IE NORMAL SUPERIOR DE QUIBDO,127001000446,I.E. NORMAL SUPERIOR DE QUIBDO - SEDE PRINCIPAL,URBANA,IND TRANSV 8 Nº 12 100,671 14 65,ANTIGUO-ACTIVO,"PREESCOLAR,MEDIA,BÁSICA SECUNDARIA,BÁSICA PRIMARIA","POST PRIMARIA,PROGRAMA PARA JÓVENES EN EXTRAEDAD Y ADULTOS,EDUCACIÓN TRADICIONAL,GRUPOS JUVENILES CREATIVOS,ACELERACIÓN DEL APRENDIZAJE,CAFAM","0,1,2,3,4,5,6,7,8,9,10,11,12,13,15,21,22,23,24,25,26,99"
QUIBDÓ,27,CHOCÓ,27001,QUIBDÓ,127001000446,IE NORMAL SUPERIOR DE QUIBDO,127001000837,SEDE ANEXA A LA NORMAL SUPERIOR DE QUIBDO,URBANA,TV 8 12 100,6711465,ANTIGUO-ACTIVO,"PREESCOLAR,BÁSICA PRIMARIA","TRANSFORMEMOS,PROGRAMA PARA JÓVENES EN EXTRAEDAD Y ADULTOS,A CRECER,EDUCACIÓN TRADICIONAL,CIRCULOS DE APRENDIZAJE","-1,0,1,2,3,4,5,21,22"
QUIBDÓ,27,CHOCÓ,27001,QUIBDÓ,127001000446,IE NORMAL SUPERIOR DE QUIBDO,127001000250,SEDE LISANDRO MOSQUERA,URBANA,TV 8 12 100,6717370,ANTIGUO-ACTIVO,"PREESCOLAR,BÁSICA PRIMARIA",EDUCACIÓN TRADICIONAL,"0,1,2,3,4,5"
QUIBDÓ,27,CHOCÓ,27001,QUIBDÓ,127001000446,IE NORMAL SUPERIOR DE QUIBDO,127001003151,SEDE NIÑO JESUS,URBANA,IND BARRIO NIÑO JESUS,6720498,ANTIGUO-ACTIVO,"PREESCOLAR,BÁSICA PRIMARIA","TRANSFORMEMOS,PROGRAMA PARA JÓVENES EN EXTRAEDAD Y ADULTOS,EDUCACIÓN TRADICIONAL,CIRCULOS DE APRENDIZAJE,ACELERACIÓN DEL APRENDIZAJE","0,1,2,3,4,5,21,22,99"
QUIBDÓ,27,CHOCÓ,27001,QUIBDÓ,127001000446,IE NORMAL SUPERIOR DE QUIBDO,127001000675,SEDE FRANCISCO CORDOBA,URBANA,IND BARRIO PLAYITA,6718916,NUEVO-ACTIVO,"PREESCOLAR,BÁSICA SECUNDARIA,BÁSICA PRIMARIA","TRANSFORMEMOS,POST PRIMARIA,PROGRAMA PARA JÓVENES EN EXTRAEDAD Y ADULTOS,ESCUELA NUEVA,A CRECER,EDUCACIÓN TRADICIONAL,CIRCULOS DE APRENDIZAJE,ACELERACIÓN DEL APRENDIZAJE,CAFAM,SAT","-1,0,1,2,3,4,5,6,7,8,9,21,22,23,24,99"
QUIBDÓ,27,CHOCÓ,27001,QUIBDÓ,127001000446,IE NORMAL SUPERIOR DE QUIBDO,127001017829,SEDE DIVINO NIÑO,URBANA,IND BARRIO NIÑO JESUS (CABI),6715550,NUEVO-ACTIVO,"PREESCOLAR,BÁSICA PRIMARIA","EDUCACIÓN TRADICIONAL,CIRCULOS DE APRENDIZAJE","0,1,2,3,4,5"
QUIBDÓ,27,CHOCÓ,27001,QUIBDÓ,227001001145,CENTRO EDUCATIVO JORGE VALENCIA LOZANO,227001001145,CENTRO EDUCATIVO JORGE VALENCIA LOZANO,RURAL,CORREG LA TROJE,,ANTIGUO-ACTIVO,"PREESCOLAR,BÁSICA PRIMARIA",EDUCACIÓN TRADICIONAL,"0,1,2,3,4,5"
QUIBDÓ,27,CHOCÓ,27001,QUIBDÓ,227001001145,CENTRO EDUCATIVO JORGE VALENCIA LOZANO,227001018064,SEDE BERALDO ROBLEDO,RURAL,VDA MARMOLEJO,,ANTIGUO-ACTIVO,"PREESCOLAR,BÁSICA PRIMARIA",EDUCACIÓN TRADICIONAL,"0,1,2,3,4,5"
QUIBDÓ,27,CHOCÓ,27001,QUIBDÓ,227001001145,CENTRO EDUCATIVO JORGE VALENCIA LOZANO,227001003261,SEDE EL PIÑAL,RURAL,EL PIÑAL,,ANTIGUO-ACTIVO,"PREESCOLAR,BÁSICA PRIMARIA",EDUCACIÓN TRADICIONAL,"0,1,2,3,4,5"
QUIBDÓ,27,CHOCÓ,27001,QUIBDÓ,227001001293,CENTRO EDUCATIVO MUNGUIDO,227001003032,SEDE ANTONIA SANTO DE WINANDO,RURAL,CORREG WINANDO,985204717,NUEVO-ACTIVO,BÁSICA PRIMARIA,"ESCUELA NUEVA,EDUCACIÓN TRADICIONAL","1,2,3,4,5"
QUIBDÓ,27,CHOCÓ,27001,QUIBDÓ,227001001293,CENTRO EDUCATIVO MUNGUIDO,227001003369,SEDE SAN PEDRO CLAVER,RURAL,CORREG MOJAUDO,985204672,NUEVO-ACTIVO,"PREESCOLAR,BÁSICA PRIMARIA","ESCUELA NUEVA,EDUCACIÓN TRADICIONAL","0,1,2,3,4,21"
QUIBDÓ,27,CHOCÓ,27001,QUIBDÓ,227001001293,CENTRO EDUCATIVO MUNGUIDO,227001001846,SEDE DE GITRADO,RURAL,CORREGI GITRADO,985204659,NUEVO-ACTIVO,"PREESCOLAR,BÁSICA SECUNDARIA,BÁSICA PRIMARIA","PROGRAMA PARA JÓVENES EN EXTRAEDAD Y ADULTOS,ESCUELA NUEVA,EDUCACIÓN TRADICIONAL","0,1,2,3,4,5,21,22,23"
QUIBDÓ,27,CHOCÓ,27001,QUIBDÓ,227001001293,CENTRO EDUCATIVO MUNGUIDO,227001001714,SEDE DE GUARANDO,RURAL,CORREG GUARANDO,985204663,NUEVO-ACTIVO,BÁSICA PRIMARIA,EDUCACIÓN TRADICIONAL,"1,2,3,4,5"
QUIBDÓ,27,CHOCÓ,27001,QUIBDÓ,227001001293,CENTRO EDUCATIVO MUNGUIDO,227001001803,SEDE DE VILLA NUEVA,RURAL,CORREG VILLANUEVA,985204711,NUEVO-ACTIVO,"PREESCOLAR,BÁSICA PRIMARIA",EDUCACIÓN TRADICIONAL,"0,1,2,3,4,5"
QUIBDÓ,27,CHOCÓ,27001,QUIBDÓ,227001001293,CENTRO EDUCATIVO MUNGUIDO,227001000726,SEDE EL JAGUO,RURAL,CORREG JAGUO,985204716,NUEVO-ACTIVO,BÁSICA PRIMARIA,EDUCACIÓN TRADICIONAL,"1,2,3"
QUIBDÓ,27,CHOCÓ,27001,QUIBDÓ,227001001293,CENTRO EDUCATIVO MUNGUIDO,227001000319,SEDE ALTAGRACIA,RURAL,CORREG ALTAGRACIA,985224695,ANTIGUO-ACTIVO,"PREESCOLAR,BÁSICA SECUNDARIA,BÁSICA PRIMARIA","PROGRAMA PARA JÓVENES EN EXTRAEDAD Y ADULTOS,ESCUELA NUEVA,A CRECER,EDUCACIÓN TRADICIONAL","0,1,2,3,4,5,21,22,23"
QUIBDÓ,27,CHOCÓ,27001,QUIBDÓ,227001001293,CENTRO EDUCATIVO MUNGUIDO,227001000408,SEDE DE LA COMUNIDAD,RURAL,VDA COMUNIDAD,,ANTIGUO-ACTIVO,"PREESCOLAR,BÁSICA PRIMARIA","PROGRAMA PARA JÓVENES EN EXTRAEDAD Y ADULTOS,A CRECER,EDUCACIÓN TRADICIONAL","0,1,2,3,21"
QUIBDÓ,27,CHOCÓ,27001,QUIBDÓ,227001001293,CENTRO EDUCATIVO MUNGUIDO,227001003903,SEDE DE PUERTO ALUMA,RURAL,VDA PTO ALUMA,,ANTIGUO-ACTIVO,"PREESCOLAR,BÁSICA PRIMARIA","PROGRAMA PARA JÓVENES EN EXTRAEDAD Y ADULTOS,EDUCACIÓN TRADICIONAL","0,1,2,3,4,5,21"
QUIBDÓ,27,CHOCÓ,27001,QUIBDÓ,227001001293,CENTRO EDUCATIVO MUNGUIDO,227001017882,SEDE DE LA DIVISA,RURAL,VDA LA DIVISA,,NUEVO-ACTIVO,"PREESCOLAR,BÁSICA PRIMARIA","ESCUELA NUEVA,EDUCACIÓN TRADICIONAL","0,1,2,3,4,5"
QUIBDÓ,27,CHOCÓ,27001,QUIBDÓ,227001001293,CENTRO EDUCATIVO MUNGUIDO,227001003792,SEDE DE BELLALUZ,RURAL,CORREG BELLA LUZ,,ANTIGUO-ACTIVO,"PREESCOLAR,BÁSICA PRIMARIA","ESCUELA NUEVA,EDUCACIÓN TRADICIONAL","0,1,2,3,4,5"
QUIBDÓ,27,CHOCÓ,27001,QUIBDÓ,227001001293,CENTRO EDUCATIVO MUNGUIDO,227001000343,SEDE EL TAMBO,RURAL,CORREG EL TAMBO,985204657,ANTIGUO-ACTIVO,"PREESCOLAR,BÁSICA PRIMARIA","ESCUELA NUEVA,EDUCACIÓN TRADICIONAL","0,1,2,3,4,5"
QUIBDÓ,27,CHOCÓ,27001,QUIBDÓ,227001001293,CENTRO EDUCATIVO MUNGUIDO,227001003105,SEDE ROBERTO PARRA GARCIA,RURAL,CORREG CAMPO BONITO,985204651,ANTIGUO-ACTIVO,"PREESCOLAR,BÁSICA PRIMARIA","PROGRAMA PARA JÓVENES EN EXTRAEDAD Y ADULTOS,ESCUELA NUEVA,EDUCACIÓN TRADICIONAL","0,1,2,3,4,5,21"
QUIBDÓ,27,CHOCÓ,27001,QUIBDÓ,227001001293,CENTRO EDUCATIVO MUNGUIDO,227001001293,CENTRO EDUCATIVO MUNGUIDO - SEDE PRINCIPAL,RURAL,CORREG CALAHORRA,985204647,ANTIGUO-ACTIVO,"PREESCOLAR,BÁSICA PRIMARIA","ESCUELA NUEVA,EDUCACIÓN TRADICIONAL","0,1,2,3,4,5"
QUIBDÓ,27,CHOCÓ,27001,QUIBDÓ,227001001293,CENTRO EDUCATIVO MUNGUIDO,227001018251,SEDE PUERTO JUAN,RURAL,CORREGIMIENTO PUERTO JUAN,,NUEVO-ACTIVO,"PREESCOLAR,BÁSICA PRIMARIA",EDUCACIÓN TRADICIONAL,"0,1,2,3,4,5"
QUIBDÓ,27,CHOCÓ,27001,QUIBDÓ,127001000225,IE FEM DE ENSEÑANZA MEDIA,127001000225,IE FEM DE ENSEÑANZA MEDIA ,URBANA,CL 31 3 49,6711634,ANTIGUO-ACTIVO,"MEDIA,BÁSICA SECUNDARIA,BÁSICA PRIMARIA","TRANSFORMEMOS,PROGRAMA PARA JÓVENES EN EXTRAEDAD Y ADULTOS,EDUCACIÓN TRADICIONAL,CAFAM","6,7,8,9,10,11,21,22,23,24,25,26"
QUIBDÓ,27,CHOCÓ,27001,QUIBDÓ,127001000225,IE FEM DE ENSEÑANZA MEDIA,127001000420,SEDE ANEXA AL IE FEMENINA DE ENSEÑANZA MEDIA,URBANA,CL 31 5 21,6712742,ANTIGUO-ACTIVO,"PREESCOLAR,BÁSICA PRIMARIA",EDUCACIÓN TRADICIONAL,"-1,0,1,2,3,4,5"
QUIBDÓ,27,CHOCÓ,27001,QUIBDÓ,127001001906,ESCUELA URBANA COMFACHICO,127001001906,ESCUELA URBANA COMFACHICO,URBANA,CLL 27 ENTRE CRA 9 Y 10,3152260591,ANTIGUO-ACTIVO,"PREESCOLAR,MEDIA,BÁSICA SECUNDARIA,BÁSICA PRIMARIA",EDUCACIÓN TRADICIONAL,"-2,-1,0,1,2,3,4,5,6,7,8,9,10,11"
QUIBDÓ,27,CHOCÓ,27001,QUIBDÓ,327001003690,ADVENTISTA DE QUIBDO BOLIVAR ESCANDON,327001003690,ADVENTISTA DE QUIBDO BOLIVAR ESCANDON,URBANA,CL 30 5 45,6714714,ANTIGUO-ACTIVO,"PREESCOLAR,BÁSICA SECUNDARIA,MEDIA,BÁSICA PRIMARIA",EDUCACIÓN TRADICIONAL,"-2,0,1,2,3,4,5,6,7,8,9,10,11"
QUIBDÓ,27,CHOCÓ,27001,QUIBDÓ,327001000631,CENT EDUC  CATALINA,327001000631,CENT EDUC  CATALINA,URBANA,CR 7 # 24-98,6718840,ANTIGUO-ACTIVO,"PREESCOLAR,BÁSICA PRIMARIA",EDUCACIÓN TRADICIONAL,"-2,-1,0,1,2,3,4,5"
QUIBDÓ,27,CHOCÓ,27001,QUIBDÓ,527001000200,IE COMFACHICO,527001000200,COMFACHICO - SEDE PRINCIPAL,URBANA,CLL 27 ENTRE CRR 9 Y10,6711757,NUEVO-ACTIVO,"PREESCOLAR,MEDIA,BÁSICA SECUNDARIA,BÁSICA PRIMARIA",EDUCACIÓN TRADICIONAL,"-2,-1,0,1,2,3,4,5,6,7,8,9,10,11"
QUIBDÓ,27,CHOCÓ,27001,QUIBDÓ,227001018137,C.E. INDIGENA EMBERA ALFONSO DUMASA DE CAIMANERO JAMPAPA,227001018145,SEDE DE MUNGARADO,RURAL,RIO MUNGUIDO,,NUEVO-ACTIVO,"PREESCOLAR,BÁSICA PRIMARIA","ETNOEDUCACIÓN,EDUCACIÓN TRADICIONAL","0,1,2,3,4,5"
QUIBDÓ,27,CHOCÓ,27001,QUIBDÓ,227001018137,C.E. INDIGENA EMBERA ALFONSO DUMASA DE CAIMANERO JAMPAPA,527001000138,SEDE DE KOREDES,RURAL,RIO MUNGUIDO,,NUEVO-ACTIVO,"PREESCOLAR,BÁSICA SECUNDARIA,BÁSICA PRIMARIA",EDUCACIÓN TRADICIONAL,"0,1,2,3,4,5,6"
QUIBDÓ,27,CHOCÓ,27001,QUIBDÓ,227001018137,C.E. INDIGENA EMBERA ALFONSO DUMASA DE CAIMANERO JAMPAPA,227001018226,SEDE DE CARRIZAL,RURAL,RIO MUNGUIDO,,NUEVO-ACTIVO,"PREESCOLAR,BÁSICA PRIMARIA","ETNOEDUCACIÓN,EDUCACIÓN TRADICIONAL","0,1,2,3,4,5"
QUIBDÓ,27,CHOCÓ,27001,QUIBDÓ,227001018137,C.E. INDIGENA EMBERA ALFONSO DUMASA DE CAIMANERO JAMPAPA,227001018137,C.E. INDIGENA EMBERA ALFONSO DUMASA DE CAIMANERO JAMPAPA,RURAL,RIO SURUCO,,NUEVO-ACTIVO,"PREESCOLAR,BÁSICA SECUNDARIA,BÁSICA PRIMARIA","ETNOEDUCACIÓN,EDUCACIÓN TRADICIONAL","0,1,2,3,4,5,6"
QUIBDÓ,27,CHOCÓ,27001,QUIBDÓ,227001018137,C.E. INDIGENA EMBERA ALFONSO DUMASA DE CAIMANERO JAMPAPA,227001004233,SEDE DE CHUSCALITO,RURAL,TAGACHI,,NUEVO-ACTIVO,"BÁSICA SECUNDARIA,BÁSICA PRIMARIA","PROGRAMA PARA JÓVENES EN EXTRAEDAD Y ADULTOS,EDUCACIÓN TRADICIONAL","1,21,22,23"
QUIBDÓ,27,CHOCÓ,27001,QUIBDÓ,227001018137,C.E. INDIGENA EMBERA ALFONSO DUMASA DE CAIMANERO JAMPAPA,227001018072,SEDE DE CHIGORODO,RURAL,TAGACHI,,NUEVO-ACTIVO,BÁSICA PRIMARIA,"PROGRAMA PARA JÓVENES EN EXTRAEDAD Y ADULTOS,EDUCACIÓN TRADICIONAL","1,2,3,4,21"
QUIBDÓ,27,CHOCÓ,27001,QUIBDÓ,227001018137,C.E. INDIGENA EMBERA ALFONSO DUMASA DE CAIMANERO JAMPAPA,227001018358,SEDE CHORRITO,RURAL,COMUNIDAD INDIGENA DE CHORRITO,,NUEVO-ACTIVO,"PREESCOLAR,BÁSICA PRIMARIA",EDUCACIÓN TRADICIONAL,"0,1,2,3,4,5"
QUIBDÓ,27,CHOCÓ,27001,QUIBDÓ,227001018137,C.E. INDIGENA EMBERA ALFONSO DUMASA DE CAIMANERO JAMPAPA,227001018366,SEDE BATARA,RURAL,COMUNIDAD INDIGENA BATARA,,NUEVO-ACTIVO,"PREESCOLAR,BÁSICA PRIMARIA",EDUCACIÓN TRADICIONAL,"0,1,2,3,4,5"
QUIBDÓ,27,CHOCÓ,27001,QUIBDÓ,227001018137,C.E. INDIGENA EMBERA ALFONSO DUMASA DE CAIMANERO JAMPAPA,227001018374,SEDE PLAYA INDIA,RURAL,COMUNIDAD INDIGENA PLAYA INDIA,,NUEVO-ACTIVO,"PREESCOLAR,BÁSICA PRIMARIA",EDUCACIÓN TRADICIONAL,"0,1,2,3,4,5"
QUIBDÓ,27,CHOCÓ,27001,QUIBDÓ,227001018137,C.E. INDIGENA EMBERA ALFONSO DUMASA DE CAIMANERO JAMPAPA,227001018340,SEDE GUADUALITO,RURAL,COMUNIDAD INDIGENA DGUADUALITO,,NUEVO-ACTIVO,"PREESCOLAR,BÁSICA PRIMARIA",EDUCACIÓN TRADICIONAL,"0,1,2,3,4,5"
QUIBDÓ,27,CHOCÓ,27001,QUIBDÓ,227001001072,CENTRO EDUCATIVO DIEGO LUIS CORDOBA,227001000491,SEDE BOCA DE NAURITA,RURAL,BOCA DE NAURITA,5204642,CIERRE TEMPORAL,,,
QUIBDÓ,27,CHOCÓ,27001,QUIBDÓ,227001001072,CENTRO EDUCATIVO DIEGO LUIS CORDOBA,227001002222,SEDE VILLA DEL ROSARIO,RURAL,VILLA DEL ROSARIO,,CIERRE TEMPORAL,,,
QUIBDÓ,27,CHOCÓ,27001,QUIBDÓ,227001001072,CENTRO EDUCATIVO DIEGO LUIS CORDOBA,227001003164,SEDE CESAR CONTO ALVAREZ,RURAL,EL FUERTE,,CIERRE TEMPORAL,,,
QUIBDÓ,27,CHOCÓ,27001,QUIBDÓ,227001001072,CENTRO EDUCATIVO DIEGO LUIS CORDOBA,227001003059,SEDE ZABULON CORDOBA VALENCIA,RURAL,BAJO NEGUA,,NUEVO-ACTIVO,BÁSICA PRIMARIA,EDUCACIÓN TRADICIONAL,1
QUIBDÓ,27,CHOCÓ,27001,QUIBDÓ,227001001072,CENTRO EDUCATIVO DIEGO LUIS CORDOBA,227001004179,SEDE PUERTO MURILLO,RURAL,NEGUA RIO ICHO,,ANTIGUO-ACTIVO,"PREESCOLAR,BÁSICA PRIMARIA","PROGRAMA PARA JÓVENES EN EXTRAEDAD Y ADULTOS,ESCUELA NUEVA,A CRECER,EDUCACIÓN TRADICIONAL","0,1,2,3,4,5,21,22"
QUIBDÓ,27,CHOCÓ,27001,QUIBDÓ,227001001072,CENTRO EDUCATIVO DIEGO LUIS CORDOBA,227001004187,SEDE DE SAN JOAQUIN,RURAL,NEGUA ARRIBA,,ANTIGUO-ACTIVO,"PREESCOLAR,BÁSICA PRIMARIA","PROGRAMA PARA JÓVENES EN EXTRAEDAD Y ADULTOS,ESCUELA NUEVA,A CRECER,EDUCACIÓN TRADICIONAL","0,1,2,3,4,21,22"
QUIBDÓ,27,CHOCÓ,27001,QUIBDÓ,227001001072,CENTRO EDUCATIVO DIEGO LUIS CORDOBA,227001003768,ESC RUR MIX LA LOMITA,RURAL,BAJO NEGUA,,CIERRE DEFINITIVO,,,
QUIBDÓ,27,CHOCÓ,27001,QUIBDÓ,227001001072,CENTRO EDUCATIVO DIEGO LUIS CORDOBA,227001017971,SEDE DE PUEBLO NUEVO COCALITO,RURAL,NEGUA RIO ICHO,,ANTIGUO-ACTIVO,"PREESCOLAR,BÁSICA SECUNDARIA,BÁSICA PRIMARIA","PROGRAMA PARA JÓVENES EN EXTRAEDAD Y ADULTOS,ESCUELA NUEVA,EDUCACIÓN TRADICIONAL","0,1,2,3,4,5,21,22,23,24"
QUIBDÓ,27,CHOCÓ,27001,QUIBDÓ,227001001072,CENTRO EDUCATIVO DIEGO LUIS CORDOBA,227001001072,SEDE LAS MERCEDES,RURAL,CORREG LAS MERCEDES,,NUEVO-ACTIVO,"PREESCOLAR,BÁSICA PRIMARIA",EDUCACIÓN TRADICIONAL,"0,1,2,3,4,5"
QUIBDÓ,27,CHOCÓ,27001,QUIBDÓ,227001001072,CENTRO EDUCATIVO DIEGO LUIS CORDOBA,227001000246,SEDE DE CURIQUIDO,RURAL,VDA CURIQUIDO,,NUEVO-ACTIVO,"PREESCOLAR,BÁSICA PRIMARIA",EDUCACIÓN TRADICIONAL,"0,1,2,3,4,5"
QUIBDÓ,27,CHOCÓ,27001,QUIBDÓ,227001001072,CENTRO EDUCATIVO DIEGO LUIS CORDOBA,227001018188,SEDE EL MANSO,RURAL,VDA EL MANSO,,NUEVO-ACTIVO,"PREESCOLAR,BÁSICA PRIMARIA",EDUCACIÓN TRADICIONAL,"0,1,2,3,4,5"
QUIBDÓ,27,CHOCÓ,27001,QUIBDÓ,227001001072,CENTRO EDUCATIVO DIEGO LUIS CORDOBA,227001017581,SEDE BOCA DE HIPATO,RURAL,VDA BOCA DE HIPATO,,CIERRE TEMPORAL,,,
QUIBDÓ,27,CHOCÓ,27001,QUIBDÓ,227001001072,CENTRO EDUCATIVO DIEGO LUIS CORDOBA,227001003521,SEDE BOCA DE PURDU,RURAL,VDA BOCA DE DIPURDU,,NUEVO-ACTIVO,"PREESCOLAR,BÁSICA PRIMARIA","A CRECER,EDUCACIÓN TRADICIONAL","0,1,2,3,4,5,21"
QUIBDÓ,27,CHOCÓ,27001,QUIBDÓ,227001001072,CENTRO EDUCATIVO DIEGO LUIS CORDOBA,227001001854,SEDE DIEGO LUIS CORDOBA,RURAL,NEGUA,985204675,ANTIGUO-ACTIVO,"PREESCOLAR,BÁSICA PRIMARIA","ESPERE,PROGRAMA PARA JÓVENES EN EXTRAEDAD Y ADULTOS,ESCUELA NUEVA,A CRECER,EDUCACIÓN TRADICIONAL","0,1,2,3,4,5,21,22"
QUIBDÓ,27,CHOCÓ,27001,QUIBDÓ,227001001072,CENTRO EDUCATIVO DIEGO LUIS CORDOBA,227001018218,SEDE ALTO NEGUA,RURAL,ALTO NEGUA,,ANTIGUO-ACTIVO,,,
QUIBDÓ,27,CHOCÓ,27001,QUIBDÓ,227001001072,CENTRO EDUCATIVO DIEGO LUIS CORDOBA,257001000182,SEDE MIGUEL A. CAICEDO,RURAL,QUIBDO - RURAL,,CIERRE TEMPORAL,,,
QUIBDÓ,27,CHOCÓ,27001,QUIBDÓ,127001003534,IE JOSE DEL CARMEN CUESTA RENTERIA,127001004077,SEDE SAN VICENTE DE PAUL,URBANA,IND KR 5 BARRIO SAN VICENTE,6718261,ANTIGUO-ACTIVO,"PREESCOLAR,BÁSICA PRIMARIA","ESPERE,PROGRAMA PARA JÓVENES EN EXTRAEDAD Y ADULTOS,A CRECER,EDUCACIÓN TRADICIONAL,CIRCULOS DE APRENDIZAJE,ACELERACIÓN DEL APRENDIZAJE","0,1,2,3,4,5,21,22,99"
QUIBDÓ,27,CHOCÓ,27001,QUIBDÓ,127001003534,IE JOSE DEL CARMEN CUESTA RENTERIA,127001003534,IE JOSE DEL CARMEN CUESTA RENTERIA,URBANA,CL 24 6 24,6174058,ANTIGUO-ACTIVO,"MEDIA,BÁSICA SECUNDARIA,BÁSICA PRIMARIA","PROGRAMA PARA JÓVENES EN EXTRAEDAD Y ADULTOS,A CRECER,EDUCACIÓN TRADICIONAL","6,7,8,9,10,11,21,22,23,24,25,26"
QUIBDÓ,27,CHOCÓ,27001,QUIBDÓ,127001003534,IE JOSE DEL CARMEN CUESTA RENTERIA,127001004085,COL NICOLAS MEDRANO,URBANA,BARRIO MEDRANO,,ANTIGUO-ACTIVO,"MEDIA,BÁSICA SECUNDARIA,BÁSICA PRIMARIA","PROGRAMA PARA JÓVENES EN EXTRAEDAD Y ADULTOS,EDUCACIÓN TRADICIONAL","6,7,8,9,10,11,21,22,23,24,25,26"
QUIBDÓ,27,CHOCÓ,27001,QUIBDÓ,127001003534,IE JOSE DEL CARMEN CUESTA RENTERIA,127001001167,SEDE LA AURORA,URBANA,IND BARRIO LA AURORA,,ANTIGUO-ACTIVO,"PREESCOLAR,BÁSICA PRIMARIA","TRANSFORMEMOS,PROGRAMA PARA JÓVENES EN EXTRAEDAD Y ADULTOS,A CRECER,EDUCACIÓN TRADICIONAL,CIRCULOS DE APRENDIZAJE,ACELERACIÓN DEL APRENDIZAJE","-1,0,1,2,3,4,5,21,22,99"
QUIBDÓ,27,CHOCÓ,27001,QUIBDÓ,127001003534,IE JOSE DEL CARMEN CUESTA RENTERIA,127001000110,ESCOL URB SAN MARTIN,URBANA,IND BARRIO SAN MARTIN,,CIERRE DEFINITIVO,,,
QUIBDÓ,27,CHOCÓ,27001,QUIBDÓ,127001003534,IE JOSE DEL CARMEN CUESTA RENTERIA,127001000012,SEDE NICOLAS ROJAS,URBANA,KR 5 23 63,6715622,ANTIGUO-ACTIVO,"PREESCOLAR,BÁSICA PRIMARIA","ESPERE,PROGRAMA PARA JÓVENES EN EXTRAEDAD Y ADULTOS,A CRECER,EDUCACIÓN TRADICIONAL,CIRCULOS DE APRENDIZAJE,ACELERACIÓN DEL APRENDIZAJE","-1,0,1,2,3,4,5,21,22,99"
QUIBDÓ,27,CHOCÓ,27001,QUIBDÓ,127001000268,IE ANTONIO MARIA CLARET,127001000268,I.E. ANTONIO MARIA CLARET,URBANA,KR 1 26 119,67117228,ANTIGUO-ACTIVO,"PREESCOLAR,MEDIA,BÁSICA SECUNDARIA,BÁSICA PRIMARIA","PROGRAMA PARA JÓVENES EN EXTRAEDAD Y ADULTOS,A CRECER,EDUCACIÓN TRADICIONAL","0,1,2,3,4,5,6,7,8,9,10,11,21,22,23,24,25,26"
QUIBDÓ,27,CHOCÓ,27001,QUIBDÓ,127001000268,IE ANTONIO MARIA CLARET,127001003127,SEDE DE INTEGRACION POPULAR - IPC,URBANA,IND CR 3 ARENA,6712161,ANTIGUO-ACTIVO,"PREESCOLAR,BÁSICA SECUNDARIA,BÁSICA PRIMARIA","PROGRAMA PARA JÓVENES EN EXTRAEDAD Y ADULTOS,A CRECER,EDUCACIÓN TRADICIONAL","0,1,2,3,4,5,21,22,23"
QUIBDÓ,27,CHOCÓ,27001,QUIBDÓ,127001000268,IE ANTONIO MARIA CLARET,127001002449,SEDE AVENIDA BAHIA SOLANO,RURAL,AV BAHIA SOLANO,,ANTIGUO-ACTIVO,"PREESCOLAR,BÁSICA PRIMARIA","PROGRAMA PARA JÓVENES EN EXTRAEDAD Y ADULTOS,A CRECER,EDUCACIÓN TRADICIONAL","0,1,2,3,4,5,21,22"
QUIBDÓ,27,CHOCÓ,27001,QUIBDÓ,127001000268,IE ANTONIO MARIA CLARET,227001000921,SEDE LA BAUDATA,RURAL,LA BAUDATA,,ANTIGUO-ACTIVO,"PREESCOLAR,BÁSICA PRIMARIA",EDUCACIÓN TRADICIONAL,"0,1,2,3,4,5"
QUIBDÓ,27,CHOCÓ,27001,QUIBDÓ,127001000268,IE ANTONIO MARIA CLARET,227001001111,SEDE LA PALOMA,RURAL,LA PALOMA,,ANTIGUO-ACTIVO,"PREESCOLAR,BÁSICA SECUNDARIA,BÁSICA PRIMARIA","PROGRAMA PARA JÓVENES EN EXTRAEDAD Y ADULTOS,EDUCACIÓN TRADICIONAL","0,1,2,3,4,5,21,22,23"
QUIBDÓ,27,CHOCÓ,27001,QUIBDÓ,127001000268,IE ANTONIO MARIA CLARET,127001003941,SEDE IPPCH,URBANA,KR 3 CL 32,,NUEVO-ACTIVO,"PREESCOLAR,BÁSICA PRIMARIA",EDUCACIÓN TRADICIONAL,"1,2,3,4,5,14,15,18"
QUIBDÓ,27,CHOCÓ,27001,QUIBDÓ,327001017798,COL RAMON LOZANO GARCES 2,327001017798,COL RAMON LOZANO GARCES 2,URBANA,KR 5 #5-28,6712072,ANTIGUO-ACTIVO,"MEDIA,BÁSICA SECUNDARIA,BÁSICA PRIMARIA","PROGRAMA PARA JÓVENES EN EXTRAEDAD Y ADULTOS,A CRECER,EDUCACIÓN TRADICIONAL","6,7,8,9,10,11,21,22,23,24,25,26"
QUIBDÓ,27,CHOCÓ,27001,QUIBDÓ,327001017917,INST TEC DE BTO  ITEBAC,327001017917,INST TEC DE BTO  ITEBAC,URBANA,CL 30,3155259161,ANTIGUO-ACTIVO,"MEDIA,BÁSICA SECUNDARIA","PROGRAMA PARA JÓVENES EN EXTRAEDAD Y ADULTOS,EDUCACIÓN TRADICIONAL","6,7,8,9,10,11,23,24,25,26"
QUIBDÓ,27,CHOCÓ,27001,QUIBDÓ,327413000737,JARD INF RAYITOS DE SOL,327413000737,JARD INF RAYITOS DE SOL,URBANA,CL 24 19 22,6708794,ANTIGUO-ACTIVO,PREESCOLAR,EDUCACIÓN TRADICIONAL,"-2,-1,0"
QUIBDÓ,27,CHOCÓ,27001,QUIBDÓ,327001003061,COL POPULAR,327001003061,COL POPULAR,URBANA,CL 30,,ANTIGUO-ACTIVO,"MEDIA,BÁSICA SECUNDARIA,BÁSICA PRIMARIA",PROGRAMA PARA JÓVENES EN EXTRAEDAD Y ADULTOS,"6,7,8,9,10,11,22,23,24,25,26"
QUIBDÓ,27,CHOCÓ,27001,QUIBDÓ,327001017992,COL MILIT SARGENTO INOCENCIA CHINCA,327001017992,COL MILIT SARGENTO INOCENCIA CHINCA,URBANA,CL 31 ENTRE 3 Y 4 IPC,6719562,ANTIGUO-ACTIVO,"MEDIA,BÁSICA SECUNDARIA,BÁSICA PRIMARIA",EDUCACIÓN TRADICIONAL,"1,2,3,4,5,6,7,8,9,10"
QUIBDÓ,27,CHOCÓ,27001,QUIBDÓ,327001003240,KINDER SANTA FAMILIA,327001003240,KINDER SANTA FAMILIA,URBANA,CRA 18 NO13-180,6713977,ANTIGUO-ACTIVO,PREESCOLAR,EDUCACIÓN TRADICIONAL,"-2,-1,0"
QUIBDÓ,27,CHOCÓ,27001,QUIBDÓ,327001018280,JARDIN INFANTIL Y ESCUELA MATERNA ACUARELA,327001018280,JARDIN INFANTIL Y ESCUELA MATERNA ACUARELA - SEDE PRINCIPAL,URBANA,CL 24 25 95,,NUEVO-ACTIVO,PREESCOLAR,EDUCACIÓN TRADICIONAL,"-2,-1,0"
QUIBDÓ,27,CHOCÓ,27001,QUIBDÓ,327001000241,IE NORMAL SUPERIOR MANUEL CAÑIZALEZ,327001000241,IE NORMAL SUPERIOR MANUEL CAÑIZALEZ,URBANA,KR 6 32 02,6719907,ANTIGUO-ACTIVO,"BÁSICA SECUNDARIA,MEDIA,BÁSICA PRIMARIA","TRANSFORMEMOS,PROGRAMA PARA JÓVENES EN EXTRAEDAD Y ADULTOS,EDUCACIÓN TRADICIONAL","6,7,8,9,10,11,12,13,21,22,23"
QUIBDÓ,27,CHOCÓ,27001,QUIBDÓ,327001000241,IE NORMAL SUPERIOR MANUEL CAÑIZALEZ,127001001060,SEDE ANEXA A LA NORMAL SUPERIOR MANUEL CAÑIZALEZ,URBANA,KR 6 32 2,6719907,ANTIGUO-ACTIVO,"PREESCOLAR,BÁSICA PRIMARIA",EDUCACIÓN TRADICIONAL,"-1,0,1,2,3,4,5"
QUIBDÓ,27,CHOCÓ,27001,QUIBDÓ,227001001871,IE TECNICA AGROECOLOGICA CRISTO REY DE TUTUNENDO,227001001706,SEDE DE GUADALUPE,RURAL,CORREG GUADALUPE,,NUEVO-ACTIVO,"PREESCOLAR,BÁSICA PRIMARIA","A CRECER,EDUCACIÓN TRADICIONAL","0,1,2,3,4,5,21"
QUIBDÓ,27,CHOCÓ,27001,QUIBDÓ,227001001871,IE TECNICA AGROECOLOGICA CRISTO REY DE TUTUNENDO,227001002486,SEDE LOS ESTANCOS,RURAL,VDA ESTANCOS,,NUEVO-ACTIVO,"PREESCOLAR,BÁSICA PRIMARIA",EDUCACIÓN TRADICIONAL,"0,1,2,3,4,5"
QUIBDÓ,27,CHOCÓ,27001,QUIBDÓ,227001001871,IE TECNICA AGROECOLOGICA CRISTO REY DE TUTUNENDO,227001001871,IE TECNICA AGROECOLOGICA CRISTO REY DE TUTUNENDO - SEDE PRINCIPAL,RURAL,TUTUNENDO,,ANTIGUO-ACTIVO,"PREESCOLAR,MEDIA,BÁSICA SECUNDARIA,BÁSICA PRIMARIA","PROGRAMA PARA JÓVENES EN EXTRAEDAD Y ADULTOS,A CRECER,EDUCACIÓN TRADICIONAL,CAFAM","0,1,2,3,4,5,6,7,8,9,10,11,21,22,23,24"
QUIBDÓ,27,CHOCÓ,27001,QUIBDÓ,227001001871,IE TECNICA AGROECOLOGICA CRISTO REY DE TUTUNENDO,227001000874,SEDE REPUBLICA DE PANAMA,RURAL,TUTUNENDO,,ANTIGUO-ACTIVO,"PREESCOLAR,BÁSICA PRIMARIA","PROGRAMA PARA JÓVENES EN EXTRAEDAD Y ADULTOS,EDUCACIÓN TRADICIONAL,ACELERACIÓN DEL APRENDIZAJE","0,1,2,3,4,5,21,22,99"
QUIBDÓ,27,CHOCÓ,27001,QUIBDÓ,227001001871,IE TECNICA AGROECOLOGICA CRISTO REY DE TUTUNENDO,227001001188,SEDE POLICARPA SALAVARRIETA,RURAL,TUTUNENDO,,ANTIGUO-ACTIVO,"PREESCOLAR,BÁSICA PRIMARIA","EDUCACIÓN TRADICIONAL,ACELERACIÓN DEL APRENDIZAJE","0,1,2,3,4,5,99"
QUIBDÓ,27,CHOCÓ,27001,QUIBDÓ,227001001871,IE TECNICA AGROECOLOGICA CRISTO REY DE TUTUNENDO,227001000459,SEDE SAN FRANCISCO DE ICHO,RURAL,ICHO,,ANTIGUO-ACTIVO,"PREESCOLAR,BÁSICA PRIMARIA","ESPERE,A CRECER,EDUCACIÓN TRADICIONAL","0,1,2,3,4,5,21"
QUIBDÓ,27,CHOCÓ,27001,QUIBDÓ,127001003933,JARD INF MANITAS CREATIVAS,127001003933,JARD INF MANITAS CREATIVAS,URBANA,CL 30 #2-47,6715123,ANTIGUO-ACTIVO,PREESCOLAR,EDUCACIÓN TRADICIONAL,"-2,-1,0"
QUIBDÓ,27,CHOCÓ,27001,QUIBDÓ,127001003950,INST  TECNOLOG SISTEMATIZADO,127001003950,INST  TECNOLOG SISTEMATIZADO,URBANA,BARRIO YESCAGRANDE,6708515,ANTIGUO-ACTIVO,"MEDIA,BÁSICA SECUNDARIA","PROGRAMA PARA JÓVENES EN EXTRAEDAD Y ADULTOS,EDUCACIÓN TRADICIONAL","6,7,8,9,10,11,23,24,25,26"
QUIBDÓ,27,CHOCÓ,27001,QUIBDÓ,127001017560,CENTRO EDUCATIVO INDIGENA JOSE MELANIO TUNAY DEL 21,227001003873,ESCOL RUR INDG CARA DE PERRO,RURAL,VDA CARE PERRO,,CIERRE DEFINITIVO,,,
QUIBDÓ,27,CHOCÓ,27001,QUIBDÓ,127001017560,CENTRO EDUCATIVO INDIGENA JOSE MELANIO TUNAY DEL 21,227001004284,SEDE ALTO NECORA,RURAL,RIO ICHO,,NUEVO-ACTIVO,"PREESCOLAR,BÁSICA PRIMARIA",EDUCACIÓN TRADICIONAL,"0,1,2,3,4,5"
QUIBDÓ,27,CHOCÓ,27001,QUIBDÓ,127001017560,CENTRO EDUCATIVO INDIGENA JOSE MELANIO TUNAY DEL 21,227001004063,SEDE JESUS ANTONIO VELASQUEZ EL 20,RURAL,RIO PLAYA,,NUEVO-ACTIVO,BÁSICA PRIMARIA,EDUCACIÓN TRADICIONAL,"1,2,3,4,5"
QUIBDÓ,27,CHOCÓ,27001,QUIBDÓ,127001017560,CENTRO EDUCATIVO INDIGENA JOSE MELANIO TUNAY DEL 21,227001004055,SEDE PLAYA ALTA,RURAL,RIO PLAYA,,NUEVO-ACTIVO,"PREESCOLAR,BÁSICA PRIMARIA",EDUCACIÓN TRADICIONAL,"0,1,2,3,4,5"
QUIBDÓ,27,CHOCÓ,27001,QUIBDÓ,127001017560,CENTRO EDUCATIVO INDIGENA JOSE MELANIO TUNAY DEL 21,227001000998,SEDE DE MOTOLDO,RURAL,RIO TUTUNENDO,,NUEVO-ACTIVO,"PREESCOLAR,BÁSICA PRIMARIA","A CRECER,ETNOEDUCACIÓN,EDUCACIÓN TRADICIONAL","0,1,2,3,4,5,21"
QUIBDÓ,27,CHOCÓ,27001,QUIBDÓ,127001017560,CENTRO EDUCATIVO INDIGENA JOSE MELANIO TUNAY DEL 21,227001003202,SEDE BOCA DEL GUAMO,RURAL,RIO NEGUA,,NUEVO-ACTIVO,"PREESCOLAR,BÁSICA PRIMARIA",ESCUELA NUEVA,"0,1,2,3,4,5"
QUIBDÓ,27,CHOCÓ,27001,QUIBDÓ,127001017560,CENTRO EDUCATIVO INDIGENA JOSE MELANIO TUNAY DEL 21,527001000133,SEDE DE CUMITA,RURAL,RIO CABI,,NUEVO-ACTIVO,"PREESCOLAR,BÁSICA PRIMARIA",EDUCACIÓN TRADICIONAL,"0,1,2,3,4,5"
QUIBDÓ,27,CHOCÓ,27001,QUIBDÓ,127001017560,CENTRO EDUCATIVO INDIGENA JOSE MELANIO TUNAY DEL 21,527001000134,ESCOL RUR INDIG DE CHUBUGACITO,RURAL,SIN INFORMACION,,CIERRE DEFINITIVO,,,
QUIBDÓ,27,CHOCÓ,27001,QUIBDÓ,127001017560,CENTRO EDUCATIVO INDIGENA JOSE MELANIO TUNAY DEL 21,227001018234,SEDE DE BARATUDO,RURAL,RIO ICHO,,NUEVO-ACTIVO,"PREESCOLAR,BÁSICA PRIMARIA","ETNOEDUCACIÓN,EDUCACIÓN TRADICIONAL","0,1,2,3,4,5"
QUIBDÓ,27,CHOCÓ,27001,QUIBDÓ,127001017560,CENTRO EDUCATIVO INDIGENA JOSE MELANIO TUNAY DEL 21,227001018242,SEDE DEL TIGRE RIO ICHO,RURAL,CORREG ICHO,,NUEVO-ACTIVO,BÁSICA PRIMARIA,EDUCACIÓN TRADICIONAL,"1,2"
QUIBDÓ,27,CHOCÓ,27001,QUIBDÓ,127001017560,CENTRO EDUCATIVO INDIGENA JOSE MELANIO TUNAY DEL 21,227001018196,SEDE DE PACURITA,RURAL,RIO CABI,,NUEVO-ACTIVO,"PREESCOLAR,BÁSICA PRIMARIA",EDUCACIÓN TRADICIONAL,"-1,0,1,2,3"
QUIBDÓ,27,CHOCÓ,27001,QUIBDÓ,127001017560,CENTRO EDUCATIVO INDIGENA JOSE MELANIO TUNAY DEL 21,227000017831,SEDE EL 90,RURAL,VDA EL 90,,NUEVO-ACTIVO,BÁSICA PRIMARIA,EDUCACIÓN TRADICIONAL,"1,2,3,4,5"
QUIBDÓ,27,CHOCÓ,27001,QUIBDÓ,127001017560,CENTRO EDUCATIVO INDIGENA JOSE MELANIO TUNAY DEL 21,527001000141,ESCOL RUR MIX INDIG  EL 21,URBANA,IND QUIBDO,,CIERRE DEFINITIVO,,,
QUIBDÓ,27,CHOCÓ,27001,QUIBDÓ,127001017560,CENTRO EDUCATIVO INDIGENA JOSE MELANIO TUNAY DEL 21,127001017560,CENTRO EDUCATIVO INDIGENA JOSE MELANIO TUNAY DEL 21,RURAL,VDA EL 21,,ANTIGUO-ACTIVO,"PREESCOLAR,BÁSICA PRIMARIA","A CRECER,ETNOEDUCACIÓN,EDUCACIÓN TRADICIONAL,ACELERACIÓN DEL APRENDIZAJE","0,1,2,3,4,5,21,99"
QUIBDÓ,27,CHOCÓ,27001,QUIBDÓ,127001017560,CENTRO EDUCATIVO INDIGENA JOSE MELANIO TUNAY DEL 21,227001000068,SEDE LA GUACHOZA,RURAL,QUIBDO RURAL,,NUEVO-ACTIVO,BÁSICA PRIMARIA,EDUCACIÓN TRADICIONAL,1
QUIBDÓ,27,CHOCÓ,27001,QUIBDÓ,127001017560,CENTRO EDUCATIVO INDIGENA JOSE MELANIO TUNAY DEL 21,527001000140,ESCOL RUR INDIG DE CHIGUARADO,RURAL,RIO TAGACHI,,CIERRE DEFINITIVO,,,
QUIBDÓ,27,CHOCÓ,27001,QUIBDÓ,127001017560,CENTRO EDUCATIVO INDIGENA JOSE MELANIO TUNAY DEL 21,227001018161,SEDE DE NEMOTA,RURAL,NEMOTA,,NUEVO-ACTIVO,"PREESCOLAR,BÁSICA PRIMARIA","A CRECER,EDUCACIÓN TRADICIONAL","0,1,2,3,4,5,21"
QUIBDÓ,27,CHOCÓ,27001,QUIBDÓ,127001017560,CENTRO EDUCATIVO INDIGENA JOSE MELANIO TUNAY DEL 21,527001000199,SEDE DE PUEBLO NUEVO (RIO ICHO),RURAL,RIO ICHO,,NUEVO-ACTIVO,"PREESCOLAR,BÁSICA PRIMARIA",EDUCACIÓN TRADICIONAL,"0,1,2,3,4,5"
QUIBDÓ,27,CHOCÓ,27001,QUIBDÓ,127001017560,CENTRO EDUCATIVO INDIGENA JOSE MELANIO TUNAY DEL 21,227001018331,SEDE PLAYA BONITA,RURAL,COMUNIDAD INDIGENA DE PLAYA BONITA,,NUEVO-ACTIVO,"PREESCOLAR,BÁSICA PRIMARIA",EDUCACIÓN TRADICIONAL,"0,1,2,3,4,5"
QUIBDÓ,27,CHOCÓ,27001,QUIBDÓ,127001017560,CENTRO EDUCATIVO INDIGENA JOSE MELANIO TUNAY DEL 21,127001018311,SEDE CASIMIRO,RURAL,BARRIO OBRERO,,NUEVO-ACTIVO,"PREESCOLAR,BÁSICA PRIMARIA",EDUCACIÓN TRADICIONAL,"0,1,2,3,4,5"
QUIBDÓ,27,CHOCÓ,27001,QUIBDÓ,127001017560,CENTRO EDUCATIVO INDIGENA JOSE MELANIO TUNAY DEL 21,227001018323,SEDE JURAMA DRUA,RURAL,KM 7 VIA YUTO,,NUEVO-ACTIVO,"PREESCOLAR,BÁSICA PRIMARIA",EDUCACIÓN TRADICIONAL,"0,1,2,3,4,5"
QUIBDÓ,27,CHOCÓ,27001,QUIBDÓ,127001004107,IE MIA ROGERIO VELASQUEZ MURILLO,127001000098,SEDE JOHN F KENNEDY,URBANA,KR 2 35 13,6719544,NUEVO-ACTIVO,"PREESCOLAR,BÁSICA SECUNDARIA,BÁSICA PRIMARIA","TRANSFORMEMOS,PROGRAMA PARA JÓVENES EN EXTRAEDAD Y ADULTOS,EDUCACIÓN TRADICIONAL,CIRCULOS DE APRENDIZAJE,ACELERACIÓN DEL APRENDIZAJE","-1,0,1,2,3,4,5,21,22,23,99"
QUIBDÓ,27,CHOCÓ,27001,QUIBDÓ,127001004107,IE MIA ROGERIO VELASQUEZ MURILLO,127001004107,IE MIA ROGERIO VELASQUEZ MURILLO,URBANA,CL 30 1 10,6708458,ANTIGUO-ACTIVO,"PREESCOLAR,MEDIA,BÁSICA SECUNDARIA,BÁSICA PRIMARIA","PROGRAMA PARA JÓVENES EN EXTRAEDAD Y ADULTOS,A CRECER,EDUCACIÓN TRADICIONAL,CIRCULOS DE APRENDIZAJE,ACELERACIÓN DEL APRENDIZAJE","0,1,2,3,4,5,6,7,8,9,10,11,21,22,23,24,25,26,99"
QUIBDÓ,27,CHOCÓ,27001,QUIBDÓ,127001004107,IE MIA ROGERIO VELASQUEZ MURILLO,127001000799,SEDE MIRAFLORES,URBANA,IND BARRIO HUAPANGO,,NUEVO-ACTIVO,"PREESCOLAR,BÁSICA PRIMARIA",EDUCACIÓN TRADICIONAL,"-1,0,1,2,3,4,5"
QUIBDÓ,27,CHOCÓ,27001,QUIBDÓ,127001004107,IE MIA ROGERIO VELASQUEZ MURILLO,127001000284,ESCOL URB MARIA MONTESSORI,URBANA,IND BARRIO CRISTO REY,,CIERRE DEFINITIVO,,,
QUIBDÓ,27,CHOCÓ,27001,QUIBDÓ,127001004107,IE MIA ROGERIO VELASQUEZ MURILLO,127001000659,ESCOL URB GENERAL SANTANDER,URBANA,IND BARRIO CRISTO REY,,CIERRE DEFINITIVO,,,
QUIBDÓ,27,CHOCÓ,27001,QUIBDÓ,127001004107,IE MIA ROGERIO VELASQUEZ MURILLO,127001000276,ESCOL URB SIMON BOLIVAR,URBANA,IND BARRIO CRISTO REY,,CIERRE DEFINITIVO,,,
QUIBDÓ,27,CHOCÓ,27001,QUIBDÓ,427001018268,INSTITUCION EDUCATIVA COMUNITARIA ETNOEDUCATIVA DEL MEDIO ATRATO (ICEMA),427001018268,INSTITUCION EDUCATIVA COMUNITARIA ETNOEDUCATIVA DEL MEDIO ATRATO (ICEMA) - SEDE PRINCIPAL,RURAL,CORREGIMIENTO DE CALAHORRA,,NUEVO-ACTIVO,"MEDIA,BÁSICA SECUNDARIA,BÁSICA PRIMARIA",PROGRAMA PARA JÓVENES EN EXTRAEDAD Y ADULTOS,"21,22,23,24,25,26"
QUIBDÓ,27,CHOCÓ,27001,QUIBDÓ,127001000233,IE TECNICA INTEGRADO CARRASQUILLA INDUSTRIAL,127001000233,I.E. TECNICA INTEGRADO CARRASQUILLA INDUSTRIAL - SEDE PRINCIPAL,URBANA,IND B. EL SILENCIO,671 24 67   671 15 87,ANTIGUO-ACTIVO,"MEDIA,BÁSICA SECUNDARIA,BÁSICA PRIMARIA","PROGRAMA PARA JÓVENES EN EXTRAEDAD Y ADULTOS,A CRECER,EDUCACIÓN TRADICIONAL","6,7,8,9,10,11,21,22,23,24,25,26"
QUIBDÓ,27,CHOCÓ,27001,QUIBDÓ,127001000233,IE TECNICA INTEGRADO CARRASQUILLA INDUSTRIAL,127001018047,SEDE ERNESTO ARIAS ARELLANO,URBANA,IND CARCEL ANAYANCY,6713874,ANTIGUO-ACTIVO,"MEDIA,BÁSICA SECUNDARIA,BÁSICA PRIMARIA","PROGRAMA PARA JÓVENES EN EXTRAEDAD Y ADULTOS,EDUCACIÓN TRADICIONAL","1,2,3,4,5,6,7,8,9,10,11,21,22"
QUIBDÓ,27,CHOCÓ,27001,QUIBDÓ,127001000233,IE TECNICA INTEGRADO CARRASQUILLA INDUSTRIAL,127001003453,SEDE ANEXA AL CARRASQUILLA INDUSTRIAL,URBANA,IND BARRIO  MEDRANO,,ANTIGUO-ACTIVO,"PREESCOLAR,BÁSICA PRIMARIA","PROGRAMA PARA JÓVENES EN EXTRAEDAD Y ADULTOS,A CRECER,EDUCACIÓN TRADICIONAL,ACELERACIÓN DEL APRENDIZAJE","0,1,2,3,4,5,21,22,99"
QUIBDÓ,27,CHOCÓ,27001,QUIBDÓ,127001000233,IE TECNICA INTEGRADO CARRASQUILLA INDUSTRIAL,127001000144,ESCOL URB DE NIÑAS NICOLAS MEDRANO,URBANA,IND BARRIO MEDRANO,6710207,CIERRE DEFINITIVO,,,
QUIBDÓ,27,CHOCÓ,27001,QUIBDÓ,127001000233,IE TECNICA INTEGRADO CARRASQUILLA INDUSTRIAL,127001004034,SEDE ALFONSO LOPEZ,URBANA,IND BARRIO ALFONSO LOPEZ,6708856,NUEVO-ACTIVO,"PREESCOLAR,BÁSICA PRIMARIA","PROGRAMA PARA JÓVENES EN EXTRAEDAD Y ADULTOS,A CRECER,EDUCACIÓN TRADICIONAL,CIRCULOS DE APRENDIZAJE,ACELERACIÓN DEL APRENDIZAJE","0,1,2,3,4,5,21,22,99"
QUIBDÓ,27,CHOCÓ,27001,QUIBDÓ,127001000233,IE TECNICA INTEGRADO CARRASQUILLA INDUSTRIAL,127001000241,ESCOL URB ROGELIO VELASQUEZ (MEDRANO),URBANA,IND BARRIO MEDRANO,6713946 6715241,CIERRE DEFINITIVO,,,
QUIBDÓ,27,CHOCÓ,27001,QUIBDÓ,127001000233,IE TECNICA INTEGRADO CARRASQUILLA INDUSTRIAL,127001003887,SEDE BELLO HORIZONTE,URBANA,IND BARRIO HORIZONTE,6719185,NUEVO-ACTIVO,"PREESCOLAR,BÁSICA PRIMARIA","PROGRAMA PARA JÓVENES EN EXTRAEDAD Y ADULTOS,A CRECER,EDUCACIÓN TRADICIONAL,ACELERACIÓN DEL APRENDIZAJE","0,1,2,3,4,5,21,22,99"
QUIBDÓ,27,CHOCÓ,27001,QUIBDÓ,127001000411,IE ARMANDO LUNA ROA,127001000861,SEDE TOMAS PEREZ,URBANA,IND BARRIO TOMAS PEREZ,,NUEVO-ACTIVO,"PREESCOLAR,BÁSICA PRIMARIA","EDUCACIÓN TRADICIONAL,CIRCULOS DE APRENDIZAJE,ACELERACIÓN DEL APRENDIZAJE","0,1,2,3,4,5,99"
QUIBDÓ,27,CHOCÓ,27001,QUIBDÓ,127001000411,IE ARMANDO LUNA ROA,127001000411,IE ARMANDO LUNA ROA - SEDE PRINCIPAL,URBANA,TV 10 30 65,6713763,ANTIGUO-ACTIVO,"PREESCOLAR,MEDIA,BÁSICA SECUNDARIA,BÁSICA PRIMARIA,PRIMERA INFANCIA","TRANSFORMEMOS,PROGRAMA PARA JÓVENES EN EXTRAEDAD Y ADULTOS,EDUCACIÓN TRADICIONAL,ACELERACIÓN DEL APRENDIZAJE,CAFAM,SAT,SER","-3,0,2,6,7,8,9,10,11,23,24,25,26,99"
QUIBDÓ,27,CHOCÓ,27001,QUIBDÓ,127001000411,IE ARMANDO LUNA ROA,127001000047,SEDE ALAMEDA REYES,URBANA,CL 26 10 07,,NUEVO-ACTIVO,"PREESCOLAR,BÁSICA PRIMARIA","TRANSFORMEMOS,PROGRAMA PARA JÓVENES EN EXTRAEDAD Y ADULTOS,EDUCACIÓN TRADICIONAL,ACELERACIÓN DEL APRENDIZAJE","-1,0,1,2,3,4,5,21,22,99"
QUIBDÓ,27,CHOCÓ,27001,QUIBDÓ,127001000411,IE ARMANDO LUNA ROA,127001001779,SEDE SANTA ANA,URBANA,IND BARRIO SANTA ANA,,NUEVO-ACTIVO,"PREESCOLAR,BÁSICA SECUNDARIA,BÁSICA PRIMARIA","PROGRAMA PARA JÓVENES EN EXTRAEDAD Y ADULTOS,EDUCACIÓN TRADICIONAL,ACELERACIÓN DEL APRENDIZAJE","-1,0,1,2,3,4,5,22,23,99"
QUIBDÓ,27,CHOCÓ,27001,QUIBDÓ,227001000009,CENTRO EDUCATIVO EL BARRANCO,227001000009,CENTRO EDUCATIVO EL BARRANCO,RURAL,BARRANCO,O985204718,ANTIGUO-ACTIVO,"PREESCOLAR,BÁSICA PRIMARIA","ESPERE,A CRECER,EDUCACIÓN TRADICIONAL","0,1,2,3,4,5,21"
QUIBDÓ,27,CHOCÓ,27001,QUIBDÓ,227001000009,CENTRO EDUCATIVO EL BARRANCO,227001001102,SEDE DE SANCENO,RURAL,SANCENO,,ANTIGUO-ACTIVO,"PREESCOLAR,BÁSICA PRIMARIA",EDUCACIÓN TRADICIONAL,"0,1,2,3,4,5"
QUIBDÓ,27,CHOCÓ,27001,QUIBDÓ,227001000009,CENTRO EDUCATIVO EL BARRANCO,227001003288,SEDE DEL TRAPICHE 1,RURAL,TRAPICHE 1,,ANTIGUO-ACTIVO,"PREESCOLAR,BÁSICA PRIMARIA",EDUCACIÓN TRADICIONAL,"0,1,2,3,4,5"
QUIBDÓ,27,CHOCÓ,27001,QUIBDÓ,227001000009,CENTRO EDUCATIVO EL BARRANCO,227001000891,SEDE CALLE QUIBDO,RURAL,CALLE QUIBDO,,ANTIGUO-ACTIVO,"PREESCOLAR,BÁSICA SECUNDARIA,BÁSICA PRIMARIA","PROGRAMA PARA JÓVENES EN EXTRAEDAD Y ADULTOS,EDUCACIÓN TRADICIONAL","0,1,2,3,4,5,22,23,24"
QUIBDÓ,27,CHOCÓ,27001,QUIBDÓ,227001000009,CENTRO EDUCATIVO EL BARRANCO,227001000777,SEDE LA LOMA DE BELEN,RURAL,LA LOMA DE BELEN,,NUEVO-ACTIVO,"PREESCOLAR,BÁSICA PRIMARIA",EDUCACIÓN TRADICIONAL,"0,1,2,3,4,5"
QUIBDÓ,27,CHOCÓ,27001,QUIBDÓ,227001000009,CENTRO EDUCATIVO EL BARRANCO,527001000214,ESCOL RUR MIX DEL TRAPICHE 2,RURAL,TRAPICHE,,NUEVO-ACTIVO,,,
QUIBDÓ,27,CHOCÓ,27001,QUIBDÓ,327001003673,KINDER DIVINO NIÑO JESUS,327001003673,KINDER DIVINO NIÑO JESUS,URBANA,CRA 8 CON CALLE 13 #8-04,6711045,ANTIGUO-ACTIVO,PREESCOLAR,EDUCACIÓN TRADICIONAL,"-2,-1,0"
QUIBDÓ,27,CHOCÓ,27001,QUIBDÓ,327001003681,COLEGIO BILINGUE,327001003681,COLEGIO BILINGUE,URBANA,CRA 7A # 25 - 59,6712281,ANTIGUO-ACTIVO,"PREESCOLAR,MEDIA,BÁSICA SECUNDARIA,BÁSICA PRIMARIA","PROGRAMA PARA JÓVENES EN EXTRAEDAD Y ADULTOS,A CRECER,EDUCACIÓN TRADICIONAL","0,1,2,3,4,5,6,7,8,9,10,11,21,22"